rawfile,codescripts/delete.gsx
rawfile,codescripts/struct.gsx
rawfile,maps/mp/gametypes/war.gsx
rawfile,maps/mp/_utility.gsx
rawfile,common_scripts/utility.gsx
rawfile,maps/mp/gametypes/_hud_util.gsx
rawfile,maps/mp/_createfx.gsx
rawfile,maps/mp/_createfxmenu.gsx
rawfile,maps/mp/_fx.gsx
rawfile,maps/mp/gametypes/_spawnlogic.gsx
rawfile,maps/mp/gametypes/_callbacksetup.gsx
rawfile,maps/mp/gametypes/_globallogic.gsx
rawfile,maps/mp/gametypes/_globallogic_utils.gsx
rawfile,duffman/_common.gsx
rawfile,maps/mp/gametypes/_healthoverlay.gsx
rawfile,promod/shoutcast.gsx
rawfile,maps/mp/gametypes/_tweakables.gsx
rawfile,promod/modes.gsx
rawfile,promod/comp.gsx
rawfile,promod_ruleset/custom_public.gsx
rawfile,duffman/_general.gsx
rawfile,duffman/_languages.gsx
rawfile,load_languages.gsx
rawfile,duffman/_menu.gsx
rawfile,duffman/_killcard.gsx
rawfile,maps/mp/gametypes/_spectating.gsx
rawfile,maps/mp/gametypes/_hud_message.gsx
rawfile,maps/mp/_flashgrenades.gsx
rawfile,duffman/_playerstatus.gsx
rawfile,permissions.gsx
rawfile,duffman/_kdratio.gsx
rawfile,duffman/_engine_fixes.gsx
rawfile,duffman/_iprint.gsx
rawfile,duffman/_spectating.gsx
rawfile,duffman/_anticheat.gsx
rawfile,duffman/_teambalance.gsx
rawfile,crazy/_general.gsx
rawfile,crazy/_eventmanager.gsx
rawfile,crazy/ninja_serverfile.gsx
rawfile,crazy/_precache.gsx
rawfile,crazy/splash.gsx
rawfile,crazy/_utility.gsx
rawfile,maps/mp/gametypes/_weapons.gsx
rawfile,maps/mp/gametypes/_shellshock.gsx
rawfile,crazy/splash_utility.gsx
rawfile,maps/mp/gametypes/_hud.gsx
rawfile,maps/mp/gametypes/_rank.gsx
rawfile,maps/mp/gametypes/_persistence.gsx
rawfile,crazy/cmd.gsx
rawfile,crazy/_common.gsx
rawfile,maps/mp/gametypes/_gameobjects.gsx
rawfile,maps/mp/gametypes/_objpoints.gsx
rawfile,duffman/_srvbrowser.gsx
rawfile,duffman/_strings.gsx
rawfile,crazy/_antiaimbot.gsx
rawfile,crazy/_antiafk.gsx
rawfile,crazy/_clock.gsx
rawfile,crazy/_geo.gsx
rawfile,frames/_spectator_list.gsx
rawfile,crazy/_customrounds.gsx
rawfile,crazy/_roofbattle.gsx
rawfile,crazy/_walls.gsx
rawfile,crazy/_serverfull.gsx
rawfile,crazy/_togglebinds.gsx
rawfile,crazy/_vip.gsx
rawfile,plugins/commands.gsx
rawfile,plugins/plugins.gsx
rawfile,plugins/random.gsx
rawfile,frames/_spray.gsx
rawfile,frames/_afkcheck.gsx
rawfile,maps/mp/gametypes/_class.gsx
rawfile,maps/mp/gametypes/_teams.gsx
rawfile,mptype/mptype_ally_cqb.gsx
rawfile,character/character_mp_usmc_specops.gsx
rawfile,mptype/mptype_ally_sniper.gsx
rawfile,character/character_mp_usmc_sniper.gsx
rawfile,mptype/mptype_ally_engineer.gsx
rawfile,character/character_mp_usmc_recon.gsx
rawfile,mptype/mptype_ally_rifleman.gsx
rawfile,character/character_mp_usmc_assault.gsx
rawfile,mptype/mptype_ally_support.gsx
rawfile,character/character_mp_usmc_support.gsx
rawfile,mptype/mptype_ally_urban_sniper.gsx
rawfile,character/character_mp_sas_urban_sniper.gsx
rawfile,mptype/mptype_ally_urban_support.gsx
rawfile,character/character_mp_sas_urban_support.gsx
rawfile,mptype/mptype_ally_urban_assault.gsx
rawfile,character/character_mp_sas_urban_assault.gsx
rawfile,mptype/mptype_ally_urban_recon.gsx
rawfile,character/character_mp_sas_urban_recon.gsx
rawfile,mptype/mptype_ally_urban_specops.gsx
rawfile,character/character_mp_sas_urban_specops.gsx
rawfile,mptype/mptype_ally_woodland_assault.gsx
rawfile,character/character_mp_usmc_woodland_assault.gsx
rawfile,mptype/mptype_ally_woodland_recon.gsx
rawfile,character/character_mp_usmc_woodland_recon.gsx
rawfile,mptype/mptype_ally_woodland_sniper.gsx
rawfile,character/character_mp_usmc_woodland_sniper.gsx
rawfile,mptype/mptype_ally_woodland_specops.gsx
rawfile,character/character_mp_usmc_woodland_specops.gsx
rawfile,mptype/mptype_ally_woodland_support.gsx
rawfile,character/character_mp_usmc_woodland_support.gsx
rawfile,mptype/mptype_axis_cqb.gsx
rawfile,character/character_mp_arab_regular_cqb.gsx
rawfile,mptype/mptype_axis_sniper.gsx
rawfile,character/character_mp_arab_regular_sniper.gsx
rawfile,mptype/mptype_axis_engineer.gsx
rawfile,character/character_mp_arab_regular_engineer.gsx
rawfile,mptype/mptype_axis_rifleman.gsx
rawfile,character/character_mp_arab_regular_assault.gsx
rawfile,mptype/mptype_axis_support.gsx
rawfile,character/character_mp_arab_regular_support.gsx
rawfile,mptype/mptype_axis_urban_sniper.gsx
rawfile,character/character_mp_opforce_urban_sniper.gsx
rawfile,mptype/mptype_axis_urban_support.gsx
rawfile,character/character_mp_opforce_urban_support.gsx
rawfile,mptype/mptype_axis_urban_assault.gsx
rawfile,character/character_mp_opforce_urban_assault.gsx
rawfile,mptype/mptype_axis_urban_engineer.gsx
rawfile,character/character_mp_opforce_urban_engineer.gsx
rawfile,mptype/mptype_axis_urban_cqb.gsx
rawfile,character/character_mp_opforce_urban_cqb.gsx
rawfile,mptype/mptype_axis_woodland_rifleman.gsx
rawfile,character/character_mp_opforce_assault.gsx
rawfile,mptype/mptype_axis_woodland_cqb.gsx
rawfile,character/character_mp_opforce_cqb.gsx
rawfile,mptype/mptype_axis_woodland_sniper.gsx
rawfile,character/character_mp_opforce_sniper.gsx
rawfile,mptype/mptype_axis_woodland_engineer.gsx
rawfile,character/character_mp_opforce_engineer.gsx
rawfile,mptype/mptype_axis_woodland_support.gsx
rawfile,character/character_mp_opforce_support.gsx
rawfile,maps/mp/gametypes/_promod.gsx
rawfile,braxi/_credits.gsx
rawfile,maps/mp/gametypes/votemap.gsx
rawfile,promod/timeout.gsx
rawfile,promod/readyup.gsx
rawfile,promod/client.gsx
rawfile,maps/mp/gametypes/_quickmessages.gsx
rawfile,promod/strattime.gsx
rawfile,maps/mp/gametypes/_endroundmusic.gsx
rawfile,promod/stratmode.gsx
rawfile,promod/setvariables.gsx
rawfile,maps/mp/gametypes/_menus.gsx
rawfile,crazy/_advertisement.gsx
rawfile,maps/mp/gametypes/_quickmessages_so.gsx
rawfile,maps/mp/gametypes/_serversettings.gsx
rawfile,maps/mp/gametypes/_clientids.gsx
rawfile,maps/mp/gametypes/_scoreboard.gsx
rawfile,maps/mp/gametypes/_killcam.gsx
rawfile,maps/mp/gametypes/_damagefeedback.gsx
rawfile,promod/scorebot.gsx
rawfile,maps/mp/gametypes/_finalkillcam.gsx
rawfile,promod/messagecenter.gsx
rawfile,crazy/randompopup.gsx
rawfile,maps/mp/mp_backlot.gsx
rawfile,maps/mp/_load.gsx
rawfile,maps/mp/_minefields.gsx
rawfile,maps/mp/_destructables.gsx
rawfile,maps/mp/_destructible.gsx
rawfile,maps/mp/_destructible_types.gsx
rawfile,promod/dvarmon.gsx
rawfile,promod/servercheck.gsx
rawfile,maps/mp/_compass.gsx
rawfile,maps/mp/gametypes/crnk.txt
rawfile,maps/mp/gametypes/sr.txt
rawfile,codescripts/delete.gsx
rawfile,codescripts/struct.gsx
rawfile,maps/mp/gametypes/war.gsx
rawfile,maps/mp/_utility.gsx
rawfile,common_scripts/utility.gsx
rawfile,maps/mp/gametypes/_hud_util.gsx
rawfile,maps/mp/_createfx.gsx
rawfile,maps/mp/_createfxmenu.gsx
rawfile,maps/mp/_fx.gsx
rawfile,maps/mp/gametypes/_spawnlogic.gsx
rawfile,maps/mp/gametypes/_callbacksetup.gsx
rawfile,maps/mp/gametypes/_globallogic.gsx
rawfile,maps/mp/gametypes/_globallogic_utils.gsx
rawfile,duffman/_common.gsx
rawfile,maps/mp/gametypes/_healthoverlay.gsx
rawfile,promod/shoutcast.gsx
rawfile,maps/mp/gametypes/_tweakables.gsx
rawfile,promod/modes.gsx
rawfile,promod/comp.gsx
rawfile,promod_ruleset/custom_public.gsx
rawfile,duffman/_general.gsx
rawfile,duffman/_languages.gsx
rawfile,load_languages.gsx
rawfile,duffman/_menu.gsx
rawfile,duffman/_killcard.gsx
rawfile,maps/mp/gametypes/_spectating.gsx
rawfile,maps/mp/gametypes/_hud_message.gsx
rawfile,maps/mp/_flashgrenades.gsx
rawfile,duffman/_playerstatus.gsx
rawfile,permissions.gsx
rawfile,duffman/_kdratio.gsx
rawfile,duffman/_engine_fixes.gsx
rawfile,duffman/_iprint.gsx
rawfile,duffman/_spectating.gsx
rawfile,duffman/_anticheat.gsx
rawfile,duffman/_teambalance.gsx
rawfile,crazy/_general.gsx
rawfile,crazy/_eventmanager.gsx
rawfile,crazy/ninja_serverfile.gsx
rawfile,crazy/_precache.gsx
rawfile,crazy/splash.gsx
rawfile,crazy/_utility.gsx
rawfile,maps/mp/gametypes/_weapons.gsx
rawfile,maps/mp/gametypes/_shellshock.gsx
rawfile,crazy/splash_utility.gsx
rawfile,maps/mp/gametypes/_hud.gsx
rawfile,maps/mp/gametypes/_rank.gsx
rawfile,maps/mp/gametypes/_persistence.gsx
rawfile,crazy/cmd.gsx
rawfile,crazy/_common.gsx
rawfile,maps/mp/gametypes/_gameobjects.gsx
rawfile,maps/mp/gametypes/_objpoints.gsx
rawfile,duffman/_srvbrowser.gsx
rawfile,duffman/_strings.gsx
rawfile,crazy/_antiaimbot.gsx
rawfile,crazy/_antiafk.gsx
rawfile,crazy/_clock.gsx
rawfile,crazy/_geo.gsx
rawfile,frames/_spectator_list.gsx
rawfile,crazy/_customrounds.gsx
rawfile,crazy/_roofbattle.gsx
rawfile,crazy/_walls.gsx
rawfile,crazy/_serverfull.gsx
rawfile,crazy/_togglebinds.gsx
rawfile,crazy/_vip.gsx
rawfile,plugins/commands.gsx
rawfile,plugins/plugins.gsx
rawfile,plugins/random.gsx
rawfile,frames/_spray.gsx
rawfile,frames/_afkcheck.gsx
rawfile,maps/mp/gametypes/_class.gsx
rawfile,maps/mp/gametypes/_teams.gsx
rawfile,mptype/mptype_ally_cqb.gsx
rawfile,character/character_mp_usmc_specops.gsx
rawfile,mptype/mptype_ally_sniper.gsx
rawfile,character/character_mp_usmc_sniper.gsx
rawfile,mptype/mptype_ally_engineer.gsx
rawfile,character/character_mp_usmc_recon.gsx
rawfile,mptype/mptype_ally_rifleman.gsx
rawfile,character/character_mp_usmc_assault.gsx
rawfile,mptype/mptype_ally_support.gsx
rawfile,character/character_mp_usmc_support.gsx
rawfile,mptype/mptype_ally_urban_sniper.gsx
rawfile,character/character_mp_sas_urban_sniper.gsx
rawfile,mptype/mptype_ally_urban_support.gsx
rawfile,character/character_mp_sas_urban_support.gsx
rawfile,mptype/mptype_ally_urban_assault.gsx
rawfile,character/character_mp_sas_urban_assault.gsx
rawfile,mptype/mptype_ally_urban_recon.gsx
rawfile,character/character_mp_sas_urban_recon.gsx
rawfile,mptype/mptype_ally_urban_specops.gsx
rawfile,character/character_mp_sas_urban_specops.gsx
rawfile,mptype/mptype_ally_woodland_assault.gsx
rawfile,character/character_mp_usmc_woodland_assault.gsx
rawfile,mptype/mptype_ally_woodland_recon.gsx
rawfile,character/character_mp_usmc_woodland_recon.gsx
rawfile,mptype/mptype_ally_woodland_sniper.gsx
rawfile,character/character_mp_usmc_woodland_sniper.gsx
rawfile,mptype/mptype_ally_woodland_specops.gsx
rawfile,character/character_mp_usmc_woodland_specops.gsx
rawfile,mptype/mptype_ally_woodland_support.gsx
rawfile,character/character_mp_usmc_woodland_support.gsx
rawfile,mptype/mptype_axis_cqb.gsx
rawfile,character/character_mp_arab_regular_cqb.gsx
rawfile,mptype/mptype_axis_sniper.gsx
rawfile,character/character_mp_arab_regular_sniper.gsx
rawfile,mptype/mptype_axis_engineer.gsx
rawfile,character/character_mp_arab_regular_engineer.gsx
rawfile,mptype/mptype_axis_rifleman.gsx
rawfile,character/character_mp_arab_regular_assault.gsx
rawfile,mptype/mptype_axis_support.gsx
rawfile,character/character_mp_arab_regular_support.gsx
rawfile,mptype/mptype_axis_urban_sniper.gsx
rawfile,character/character_mp_opforce_urban_sniper.gsx
rawfile,mptype/mptype_axis_urban_support.gsx
rawfile,character/character_mp_opforce_urban_support.gsx
rawfile,mptype/mptype_axis_urban_assault.gsx
rawfile,character/character_mp_opforce_urban_assault.gsx
rawfile,mptype/mptype_axis_urban_engineer.gsx
rawfile,character/character_mp_opforce_urban_engineer.gsx
rawfile,mptype/mptype_axis_urban_cqb.gsx
rawfile,character/character_mp_opforce_urban_cqb.gsx
rawfile,mptype/mptype_axis_woodland_rifleman.gsx
rawfile,character/character_mp_opforce_assault.gsx
rawfile,mptype/mptype_axis_woodland_cqb.gsx
rawfile,character/character_mp_opforce_cqb.gsx
rawfile,mptype/mptype_axis_woodland_sniper.gsx
rawfile,character/character_mp_opforce_sniper.gsx
rawfile,mptype/mptype_axis_woodland_engineer.gsx
rawfile,character/character_mp_opforce_engineer.gsx
rawfile,mptype/mptype_axis_woodland_support.gsx
rawfile,character/character_mp_opforce_support.gsx
rawfile,maps/mp/gametypes/_promod.gsx
rawfile,braxi/_credits.gsx
rawfile,maps/mp/gametypes/votemap.gsx
rawfile,promod/timeout.gsx
rawfile,promod/readyup.gsx
rawfile,promod/client.gsx
rawfile,maps/mp/gametypes/_quickmessages.gsx
rawfile,promod/strattime.gsx
rawfile,maps/mp/gametypes/_endroundmusic.gsx
rawfile,promod/stratmode.gsx
rawfile,promod/setvariables.gsx
rawfile,maps/mp/gametypes/_menus.gsx
rawfile,crazy/_advertisement.gsx
rawfile,maps/mp/gametypes/_quickmessages_so.gsx
rawfile,maps/mp/gametypes/_serversettings.gsx
rawfile,maps/mp/gametypes/_clientids.gsx
rawfile,maps/mp/gametypes/_scoreboard.gsx
rawfile,maps/mp/gametypes/_killcam.gsx
rawfile,maps/mp/gametypes/_damagefeedback.gsx
rawfile,promod/scorebot.gsx
rawfile,maps/mp/gametypes/_finalkillcam.gsx
rawfile,promod/messagecenter.gsx
rawfile,crazy/randompopup.gsx
rawfile,maps/mp/mp_killhouse.gsx
rawfile,maps/mp/_load.gsx
rawfile,maps/mp/_minefields.gsx
rawfile,maps/mp/_destructables.gsx
rawfile,maps/mp/_destructible.gsx
rawfile,maps/mp/_destructible_types.gsx
rawfile,promod/dvarmon.gsx
rawfile,promod/servercheck.gsx
rawfile,maps/mp/_compass.gsx
rawfile,maps/mp/gametypes/crnk.txt
rawfile,maps/mp/gametypes/sr.txt
rawfile,codescripts/delete.gsx
rawfile,codescripts/struct.gsx
rawfile,maps/mp/gametypes/sr.gsx
rawfile,common_scripts/utility.gsx
rawfile,maps/mp/_utility.gsx
rawfile,maps/mp/gametypes/_hud_util.gsx
rawfile,maps/mp/_createfx.gsx
rawfile,maps/mp/_createfxmenu.gsx
rawfile,maps/mp/_fx.gsx
rawfile,maps/mp/gametypes/_spawnlogic.gsx
rawfile,maps/mp/gametypes/_callbacksetup.gsx
rawfile,maps/mp/gametypes/_globallogic.gsx
rawfile,maps/mp/gametypes/_globallogic_utils.gsx
rawfile,duffman/_common.gsx
rawfile,maps/mp/gametypes/_healthoverlay.gsx
rawfile,promod/shoutcast.gsx
rawfile,maps/mp/gametypes/_tweakables.gsx
rawfile,promod/modes.gsx
rawfile,promod/comp.gsx
rawfile,promod_ruleset/custom_public.gsx
rawfile,duffman/_general.gsx
rawfile,duffman/_languages.gsx
rawfile,load_languages.gsx
rawfile,duffman/_menu.gsx
rawfile,duffman/_killcard.gsx
rawfile,maps/mp/gametypes/_spectating.gsx
rawfile,maps/mp/gametypes/_hud_message.gsx
rawfile,maps/mp/_flashgrenades.gsx
rawfile,duffman/_playerstatus.gsx
rawfile,permissions.gsx
rawfile,duffman/_kdratio.gsx
rawfile,duffman/_engine_fixes.gsx
rawfile,duffman/_iprint.gsx
rawfile,duffman/_spectating.gsx
rawfile,duffman/_anticheat.gsx
rawfile,duffman/_teambalance.gsx
rawfile,crazy/_general.gsx
rawfile,crazy/_eventmanager.gsx
rawfile,crazy/ninja_serverfile.gsx
rawfile,crazy/_precache.gsx
rawfile,crazy/splash.gsx
rawfile,crazy/_utility.gsx
rawfile,maps/mp/gametypes/_weapons.gsx
rawfile,maps/mp/gametypes/_shellshock.gsx
rawfile,crazy/splash_utility.gsx
rawfile,maps/mp/gametypes/_hud.gsx
rawfile,maps/mp/gametypes/_rank.gsx
rawfile,maps/mp/gametypes/_persistence.gsx
rawfile,crazy/cmd.gsx
rawfile,crazy/_common.gsx
rawfile,maps/mp/gametypes/_gameobjects.gsx
rawfile,maps/mp/gametypes/_objpoints.gsx
rawfile,duffman/_srvbrowser.gsx
rawfile,duffman/_strings.gsx
rawfile,crazy/_antiaimbot.gsx
rawfile,crazy/_antiafk.gsx
rawfile,crazy/_clock.gsx
rawfile,crazy/_geo.gsx
rawfile,frames/_spectator_list.gsx
rawfile,crazy/_customrounds.gsx
rawfile,crazy/_roofbattle.gsx
rawfile,crazy/_walls.gsx
rawfile,crazy/_serverfull.gsx
rawfile,crazy/_togglebinds.gsx
rawfile,crazy/_vip.gsx
rawfile,plugins/commands.gsx
rawfile,plugins/plugins.gsx
rawfile,plugins/random.gsx
rawfile,frames/_spray.gsx
rawfile,frames/_afkcheck.gsx
rawfile,maps/mp/gametypes/_class.gsx
rawfile,maps/mp/gametypes/_teams.gsx
rawfile,mptype/mptype_ally_cqb.gsx
rawfile,character/character_mp_usmc_specops.gsx
rawfile,mptype/mptype_ally_sniper.gsx
rawfile,character/character_mp_usmc_sniper.gsx
rawfile,mptype/mptype_ally_engineer.gsx
rawfile,character/character_mp_usmc_recon.gsx
rawfile,mptype/mptype_ally_rifleman.gsx
rawfile,character/character_mp_usmc_assault.gsx
rawfile,mptype/mptype_ally_support.gsx
rawfile,character/character_mp_usmc_support.gsx
rawfile,mptype/mptype_ally_urban_sniper.gsx
rawfile,character/character_mp_sas_urban_sniper.gsx
rawfile,mptype/mptype_ally_urban_support.gsx
rawfile,character/character_mp_sas_urban_support.gsx
rawfile,mptype/mptype_ally_urban_assault.gsx
rawfile,character/character_mp_sas_urban_assault.gsx
rawfile,mptype/mptype_ally_urban_recon.gsx
rawfile,character/character_mp_sas_urban_recon.gsx
rawfile,mptype/mptype_ally_urban_specops.gsx
rawfile,character/character_mp_sas_urban_specops.gsx
rawfile,mptype/mptype_ally_woodland_assault.gsx
rawfile,character/character_mp_usmc_woodland_assault.gsx
rawfile,mptype/mptype_ally_woodland_recon.gsx
rawfile,character/character_mp_usmc_woodland_recon.gsx
rawfile,mptype/mptype_ally_woodland_sniper.gsx
rawfile,character/character_mp_usmc_woodland_sniper.gsx
rawfile,mptype/mptype_ally_woodland_specops.gsx
rawfile,character/character_mp_usmc_woodland_specops.gsx
rawfile,mptype/mptype_ally_woodland_support.gsx
rawfile,character/character_mp_usmc_woodland_support.gsx
rawfile,mptype/mptype_axis_cqb.gsx
rawfile,character/character_mp_arab_regular_cqb.gsx
rawfile,mptype/mptype_axis_sniper.gsx
rawfile,character/character_mp_arab_regular_sniper.gsx
rawfile,mptype/mptype_axis_engineer.gsx
rawfile,character/character_mp_arab_regular_engineer.gsx
rawfile,mptype/mptype_axis_rifleman.gsx
rawfile,character/character_mp_arab_regular_assault.gsx
rawfile,mptype/mptype_axis_support.gsx
rawfile,character/character_mp_arab_regular_support.gsx
rawfile,mptype/mptype_axis_urban_sniper.gsx
rawfile,character/character_mp_opforce_urban_sniper.gsx
rawfile,mptype/mptype_axis_urban_support.gsx
rawfile,character/character_mp_opforce_urban_support.gsx
rawfile,mptype/mptype_axis_urban_assault.gsx
rawfile,character/character_mp_opforce_urban_assault.gsx
rawfile,mptype/mptype_axis_urban_engineer.gsx
rawfile,character/character_mp_opforce_urban_engineer.gsx
rawfile,mptype/mptype_axis_urban_cqb.gsx
rawfile,character/character_mp_opforce_urban_cqb.gsx
rawfile,mptype/mptype_axis_woodland_rifleman.gsx
rawfile,character/character_mp_opforce_assault.gsx
rawfile,mptype/mptype_axis_woodland_cqb.gsx
rawfile,character/character_mp_opforce_cqb.gsx
rawfile,mptype/mptype_axis_woodland_sniper.gsx
rawfile,character/character_mp_opforce_sniper.gsx
rawfile,mptype/mptype_axis_woodland_engineer.gsx
rawfile,character/character_mp_opforce_engineer.gsx
rawfile,mptype/mptype_axis_woodland_support.gsx
rawfile,character/character_mp_opforce_support.gsx
rawfile,maps/mp/gametypes/_promod.gsx
rawfile,braxi/_credits.gsx
rawfile,maps/mp/gametypes/votemap.gsx
rawfile,promod/timeout.gsx
rawfile,promod/readyup.gsx
rawfile,promod/client.gsx
rawfile,maps/mp/gametypes/_quickmessages.gsx
rawfile,promod/strattime.gsx
rawfile,maps/mp/gametypes/_endroundmusic.gsx
rawfile,promod/stratmode.gsx
rawfile,promod/setvariables.gsx
rawfile,maps/mp/gametypes/_menus.gsx
rawfile,crazy/_advertisement.gsx
rawfile,maps/mp/gametypes/_quickmessages_so.gsx
rawfile,maps/mp/gametypes/_serversettings.gsx
rawfile,maps/mp/gametypes/_clientids.gsx
rawfile,maps/mp/gametypes/_scoreboard.gsx
rawfile,maps/mp/gametypes/_killcam.gsx
rawfile,maps/mp/gametypes/_damagefeedback.gsx
rawfile,promod/scorebot.gsx
rawfile,maps/mp/gametypes/_finalkillcam.gsx
rawfile,promod/messagecenter.gsx
rawfile,crazy/randompopup.gsx
rawfile,scripts/utility/_utility.gsx
rawfile,maps/mp/mp_killhouse.gsx
rawfile,maps/mp/_load.gsx
rawfile,maps/mp/_minefields.gsx
rawfile,maps/mp/_destructables.gsx
rawfile,maps/mp/_destructible.gsx
rawfile,maps/mp/_destructible_types.gsx
rawfile,promod/dvarmon.gsx
rawfile,promod/servercheck.gsx
rawfile,maps/mp/_compass.gsx
rawfile,maps/mp/gametypes/crnk.txt
rawfile,maps/mp/gametypes/sr.txt
rawfile,codescripts/delete.gsx
rawfile,codescripts/struct.gsx
rawfile,maps/mp/gametypes/sr.gsx
rawfile,common_scripts/utility.gsx
rawfile,maps/mp/_utility.gsx
rawfile,maps/mp/gametypes/_hud_util.gsx
rawfile,maps/mp/_createfx.gsx
rawfile,maps/mp/_createfxmenu.gsx
rawfile,maps/mp/_fx.gsx
rawfile,maps/mp/gametypes/_spawnlogic.gsx
rawfile,maps/mp/gametypes/_callbacksetup.gsx
rawfile,maps/mp/gametypes/_globallogic.gsx
rawfile,maps/mp/gametypes/_globallogic_utils.gsx
rawfile,duffman/_common.gsx
rawfile,maps/mp/gametypes/_healthoverlay.gsx
rawfile,promod/shoutcast.gsx
rawfile,maps/mp/gametypes/_tweakables.gsx
rawfile,promod/modes.gsx
rawfile,promod/comp.gsx
rawfile,promod_ruleset/custom_public.gsx
rawfile,duffman/_general.gsx
rawfile,duffman/_languages.gsx
rawfile,load_languages.gsx
rawfile,duffman/_menu.gsx
rawfile,duffman/_killcard.gsx
rawfile,maps/mp/gametypes/_spectating.gsx
rawfile,maps/mp/gametypes/_hud_message.gsx
rawfile,maps/mp/_flashgrenades.gsx
rawfile,duffman/_playerstatus.gsx
rawfile,permissions.gsx
rawfile,duffman/_kdratio.gsx
rawfile,duffman/_engine_fixes.gsx
rawfile,duffman/_iprint.gsx
rawfile,duffman/_spectating.gsx
rawfile,duffman/_anticheat.gsx
rawfile,duffman/_teambalance.gsx
rawfile,crazy/_general.gsx
rawfile,crazy/_eventmanager.gsx
rawfile,crazy/ninja_serverfile.gsx
rawfile,crazy/_precache.gsx
rawfile,crazy/splash.gsx
rawfile,crazy/_utility.gsx
rawfile,maps/mp/gametypes/_weapons.gsx
rawfile,maps/mp/gametypes/_shellshock.gsx
rawfile,crazy/splash_utility.gsx
rawfile,maps/mp/gametypes/_hud.gsx
rawfile,maps/mp/gametypes/_rank.gsx
rawfile,maps/mp/gametypes/_persistence.gsx
rawfile,crazy/cmd.gsx
rawfile,crazy/_common.gsx
rawfile,maps/mp/gametypes/_gameobjects.gsx
rawfile,maps/mp/gametypes/_objpoints.gsx
rawfile,duffman/_srvbrowser.gsx
rawfile,duffman/_strings.gsx
rawfile,crazy/_antiaimbot.gsx
rawfile,crazy/_antiafk.gsx
rawfile,crazy/_clock.gsx
rawfile,crazy/_geo.gsx
rawfile,frames/_spectator_list.gsx
rawfile,crazy/_customrounds.gsx
rawfile,crazy/_roofbattle.gsx
rawfile,crazy/_walls.gsx
rawfile,crazy/_serverfull.gsx
rawfile,crazy/_togglebinds.gsx
rawfile,crazy/_vip.gsx
rawfile,plugins/commands.gsx
rawfile,plugins/plugins.gsx
rawfile,plugins/random.gsx
rawfile,frames/_spray.gsx
rawfile,frames/_afkcheck.gsx
rawfile,maps/mp/gametypes/_class.gsx
rawfile,maps/mp/gametypes/_teams.gsx
rawfile,mptype/mptype_ally_cqb.gsx
rawfile,character/character_mp_usmc_specops.gsx
rawfile,mptype/mptype_ally_sniper.gsx
rawfile,character/character_mp_usmc_sniper.gsx
rawfile,mptype/mptype_ally_engineer.gsx
rawfile,character/character_mp_usmc_recon.gsx
rawfile,mptype/mptype_ally_rifleman.gsx
rawfile,character/character_mp_usmc_assault.gsx
rawfile,mptype/mptype_ally_support.gsx
rawfile,character/character_mp_usmc_support.gsx
rawfile,mptype/mptype_ally_urban_sniper.gsx
rawfile,character/character_mp_sas_urban_sniper.gsx
rawfile,mptype/mptype_ally_urban_support.gsx
rawfile,character/character_mp_sas_urban_support.gsx
rawfile,mptype/mptype_ally_urban_assault.gsx
rawfile,character/character_mp_sas_urban_assault.gsx
rawfile,mptype/mptype_ally_urban_recon.gsx
rawfile,character/character_mp_sas_urban_recon.gsx
rawfile,mptype/mptype_ally_urban_specops.gsx
rawfile,character/character_mp_sas_urban_specops.gsx
rawfile,mptype/mptype_ally_woodland_assault.gsx
rawfile,character/character_mp_usmc_woodland_assault.gsx
rawfile,mptype/mptype_ally_woodland_recon.gsx
rawfile,character/character_mp_usmc_woodland_recon.gsx
rawfile,mptype/mptype_ally_woodland_sniper.gsx
rawfile,character/character_mp_usmc_woodland_sniper.gsx
rawfile,mptype/mptype_ally_woodland_specops.gsx
rawfile,character/character_mp_usmc_woodland_specops.gsx
rawfile,mptype/mptype_ally_woodland_support.gsx
rawfile,character/character_mp_usmc_woodland_support.gsx
rawfile,mptype/mptype_axis_cqb.gsx
rawfile,character/character_mp_arab_regular_cqb.gsx
rawfile,mptype/mptype_axis_sniper.gsx
rawfile,character/character_mp_arab_regular_sniper.gsx
rawfile,mptype/mptype_axis_engineer.gsx
rawfile,character/character_mp_arab_regular_engineer.gsx
rawfile,mptype/mptype_axis_rifleman.gsx
rawfile,character/character_mp_arab_regular_assault.gsx
rawfile,mptype/mptype_axis_support.gsx
rawfile,character/character_mp_arab_regular_support.gsx
rawfile,mptype/mptype_axis_urban_sniper.gsx
rawfile,character/character_mp_opforce_urban_sniper.gsx
rawfile,mptype/mptype_axis_urban_support.gsx
rawfile,character/character_mp_opforce_urban_support.gsx
rawfile,mptype/mptype_axis_urban_assault.gsx
rawfile,character/character_mp_opforce_urban_assault.gsx
rawfile,mptype/mptype_axis_urban_engineer.gsx
rawfile,character/character_mp_opforce_urban_engineer.gsx
rawfile,mptype/mptype_axis_urban_cqb.gsx
rawfile,character/character_mp_opforce_urban_cqb.gsx
rawfile,mptype/mptype_axis_woodland_rifleman.gsx
rawfile,character/character_mp_opforce_assault.gsx
rawfile,mptype/mptype_axis_woodland_cqb.gsx
rawfile,character/character_mp_opforce_cqb.gsx
rawfile,mptype/mptype_axis_woodland_sniper.gsx
rawfile,character/character_mp_opforce_sniper.gsx
rawfile,mptype/mptype_axis_woodland_engineer.gsx
rawfile,character/character_mp_opforce_engineer.gsx
rawfile,mptype/mptype_axis_woodland_support.gsx
rawfile,character/character_mp_opforce_support.gsx
rawfile,maps/mp/gametypes/_promod.gsx
rawfile,braxi/_credits.gsx
rawfile,maps/mp/gametypes/votemap.gsx
rawfile,promod/timeout.gsx
rawfile,promod/readyup.gsx
rawfile,promod/client.gsx
rawfile,maps/mp/gametypes/_quickmessages.gsx
rawfile,promod/strattime.gsx
rawfile,maps/mp/gametypes/_endroundmusic.gsx
rawfile,promod/stratmode.gsx
rawfile,promod/setvariables.gsx
rawfile,maps/mp/gametypes/_menus.gsx
rawfile,crazy/_advertisement.gsx
rawfile,maps/mp/gametypes/_quickmessages_so.gsx
rawfile,maps/mp/gametypes/_serversettings.gsx
rawfile,maps/mp/gametypes/_clientids.gsx
rawfile,maps/mp/gametypes/_scoreboard.gsx
rawfile,maps/mp/gametypes/_killcam.gsx
rawfile,maps/mp/gametypes/_damagefeedback.gsx
rawfile,promod/scorebot.gsx
rawfile,maps/mp/gametypes/_finalkillcam.gsx
rawfile,promod/messagecenter.gsx
rawfile,crazy/randompopup.gsx
rawfile,scripts/utility/_utility.gsx
rawfile,maps/mp/mp_killhouse.gsx
rawfile,maps/mp/_load.gsx
rawfile,maps/mp/_minefields.gsx
rawfile,maps/mp/_destructables.gsx
rawfile,maps/mp/_destructible.gsx
rawfile,maps/mp/_destructible_types.gsx
rawfile,promod/dvarmon.gsx
rawfile,promod/servercheck.gsx
rawfile,maps/mp/_compass.gsx
